sample_id,source_dataset,source_split,subtask,task_type,difficulty_tag,input_text,input_sentence1,input_sentence2,input_premise,input_hypothesis,reference_label,reference_label_text,label_semantics
"glue_sst2_train_0001","glue_sst2","train","sst2","text_classification","easy","a charming and often affecting journey.","","","","",1,"positive","{\"0\":\"negative\",\"1\":\"positive\"}"
"glue_sst2_train_0002","glue_sst2","train","sst2","text_classification","easy","unfunny and visually bland.","","","","",0,"negative","{\"0\":\"negative\",\"1\":\"positive\"}"
"glue_sst2_train_0003","glue_sst2","train","sst2","text_classification","easy","a predictable but warm comedy.","","","","",1,"positive","{\"0\":\"negative\",\"1\":\"positive\"}"
"glue_mrpc_train_0001","glue_mrpc","train","mrpc","sentence_pair","medium","","The company released earnings on Tuesday.","Earnings were reported by the company Tuesday.","","",1,"equivalent","{\"0\":\"not_equivalent\",\"1\":\"equivalent\"}"
"glue_mrpc_train_0002","glue_mrpc","train","mrpc","sentence_pair","medium","","He denied all allegations in court.","He admitted every allegation in court.","","",0,"not_equivalent","{\"0\":\"not_equivalent\",\"1\":\"equivalent\"}"
"glue_mrpc_train_0003","glue_mrpc","train","mrpc","sentence_pair","medium","","The storm caused delays at the airport.","Flights were delayed because of the storm.","","",1,"equivalent","{\"0\":\"not_equivalent\",\"1\":\"equivalent\"}"
"glue_mnli_train_0001","glue_mnli","train","mnli","textual_inference","medium","","","","A soccer game with multiple males playing.","Some men are playing a sport.",0,"entailment","{\"0\":\"entailment\",\"1\":\"neutral\",\"2\":\"contradiction\"}"
"glue_mnli_train_0002","glue_mnli","train","mnli","textual_inference","medium","","","","A woman is reading in a cafe.","A woman is sleeping at home.",2,"contradiction","{\"0\":\"entailment\",\"1\":\"neutral\",\"2\":\"contradiction\"}"
"glue_mnli_train_0003","glue_mnli","train","mnli","textual_inference","medium","","","","Children are outdoors building a snowman.","Kids are outside in winter.",1,"neutral","{\"0\":\"entailment\",\"1\":\"neutral\",\"2\":\"contradiction\"}"
